{"cameraMode":{"drawMode":0,"name":"Shaded","section":"Shading Mode"},"sceneLighting":false,"audioPlay":false,"sceneViewState":{"showFog":true,"showMaterialUpdate":false,"showSkybox":true,"showFlares":true,"showImageEffects":true,"showParticleSystems":true},"in2DMode":false,"pivot":{"x":5.5907182693481449,"y":-3.74969220161438,"z":14.569933891296387},"rotation":{"x":0.13546203076839448,"y":0.184628427028656,"z":-0.025674426928162576,"w":0.9731241464614868},"size":21.558542251586915,"orthographic":false}