{"cameraMode":{"drawMode":0,"name":"Shaded","section":"Shading Mode"},"sceneLighting":false,"audioPlay":false,"sceneViewState":{"showFog":true,"showMaterialUpdate":false,"showSkybox":true,"showFlares":true,"showImageEffects":true,"showParticleSystems":true},"in2DMode":false,"pivot":{"x":2.2949016094207765,"y":1.003999948501587,"z":0.5698103904724121},"rotation":{"x":0.1419464498758316,"y":0.07268758118152619,"z":-0.010425670072436333,"w":0.9871782660484314},"size":4.041658401489258,"orthographic":false}