{"cameraMode":{"drawMode":0,"name":"Shaded","section":"Shading Mode"},"sceneLighting":false,"audioPlay":false,"sceneViewState":{"showFog":true,"showMaterialUpdate":false,"showSkybox":true,"showFlares":true,"showImageEffects":true,"showParticleSystems":true},"in2DMode":false,"pivot":{"x":4.360000133514404,"y":0.5,"z":0.10500000417232514},"rotation":{"x":0.09159683436155319,"y":0.4125029742717743,"z":-0.04169876128435135,"w":0.9054127931594849},"size":4.041658401489258,"orthographic":false}