{"cameraMode":{"drawMode":0,"name":"Shaded","section":"Shading Mode"},"sceneLighting":false,"audioPlay":false,"sceneViewState":{"showFog":true,"showMaterialUpdate":false,"showSkybox":true,"showFlares":true,"showImageEffects":true,"showParticleSystems":true},"in2DMode":false,"pivot":{"x":5.5534443855285648,"y":-0.3435443341732025,"z":0.4661965072154999},"rotation":{"x":0.31835949420928957,"y":0.04121240973472595,"z":-0.013862834312021733,"w":0.9469886422157288},"size":4.234678268432617,"orthographic":false}