{"cameraMode":{"drawMode":0,"name":"Shaded","section":"Shading Mode"},"sceneLighting":false,"audioPlay":false,"sceneViewState":{"showFog":true,"showMaterialUpdate":false,"showSkybox":true,"showFlares":true,"showImageEffects":true,"showParticleSystems":true},"in2DMode":false,"pivot":{"x":0.0,"y":-0.012866456061601639,"z":-1.4901161193847657e-8},"rotation":{"x":0.027162320911884309,"y":-0.9580404758453369,"z":0.2685626447200775,"w":0.09689026325941086},"size":1.0804709196090699,"orthographic":false}