{"cameraMode":{"drawMode":0,"name":"Shaded","section":"Shading Mode"},"sceneLighting":false,"audioPlay":false,"sceneViewState":{"showFog":true,"showMaterialUpdate":false,"showSkybox":false,"showFlares":true,"showImageEffects":true,"showParticleSystems":true},"in2DMode":false,"pivot":{"x":-3.2372608184814455,"y":-23.75832176208496,"z":14.500089645385743},"rotation":{"x":-0.420093834400177,"y":0.09204815328121185,"z":-0.042910367250442508,"w":-0.901921272277832},"size":50.22319793701172,"orthographic":false}