{"cameraMode":{"drawMode":0,"name":"Shaded","section":"Shading Mode"},"sceneLighting":false,"audioPlay":false,"sceneViewState":{"showFog":true,"showMaterialUpdate":false,"showSkybox":true,"showFlares":true,"showImageEffects":true,"showParticleSystems":true},"in2DMode":false,"pivot":{"x":-0.20000003278255464,"y":1.4999996423721314,"z":0.5999997854232788},"rotation":{"x":0.027162320911884309,"y":-0.9580404758453369,"z":0.2685626447200775,"w":0.09689026325941086},"size":5.037230491638184,"orthographic":false}