{"cameraMode":{"drawMode":0,"name":"Shaded","section":"Shading Mode"},"sceneLighting":false,"audioPlay":false,"sceneViewState":{"showFog":true,"showMaterialUpdate":false,"showSkybox":true,"showFlares":true,"showImageEffects":true,"showParticleSystems":true},"in2DMode":false,"pivot":{"x":-1.4648743867874146,"y":-0.04015541076660156,"z":3.466080665588379},"rotation":{"x":0.07427651435136795,"y":-0.924688994884491,"z":0.28635403513908389,"w":0.23984986543655396},"size":8.3264741897583,"orthographic":false}