{"cameraMode":{"drawMode":0,"name":"Shaded","section":"Shading Mode"},"sceneLighting":false,"audioPlay":false,"sceneViewState":{"showFog":true,"showMaterialUpdate":false,"showSkybox":false,"showFlares":true,"showImageEffects":true,"showParticleSystems":true},"in2DMode":false,"pivot":{"x":-1.0090395212173463,"y":1.2001761198043824,"z":1.1511694192886353},"rotation":{"x":0.4015636444091797,"y":-0.026097621768712999,"z":0.01144802663475275,"w":0.9154021143913269},"size":5.220366477966309,"orthographic":false}