{"cameraMode":{"drawMode":0,"name":"Shaded","section":"Shading Mode"},"sceneLighting":false,"audioPlay":false,"sceneViewState":{"showFog":true,"showMaterialUpdate":false,"showSkybox":true,"showFlares":true,"showImageEffects":true,"showParticleSystems":true},"in2DMode":false,"pivot":{"x":0.09308317303657532,"y":0.3533601462841034,"z":0.6789100170135498},"rotation":{"x":-0.1371726095676422,"y":-0.8616690039634705,"z":0.32021620869636538,"w":-0.3691022992134094},"size":4.195058345794678,"orthographic":false}