{"cameraMode":{"drawMode":0,"name":"Shaded","section":"Shading Mode"},"sceneLighting":false,"audioPlay":false,"sceneViewState":{"showFog":true,"showMaterialUpdate":false,"showSkybox":true,"showFlares":true,"showImageEffects":true,"showParticleSystems":true},"in2DMode":false,"pivot":{"x":0.458855539560318,"y":-0.379511296749115,"z":-0.03480711951851845},"rotation":{"x":0.013363562524318695,"y":-0.9069541096687317,"z":0.4201377034187317,"w":0.02884184569120407},"size":2.857883930206299,"orthographic":false}