{"cameraMode":{"drawMode":0,"name":"Shaded","section":"Shading Mode"},"sceneLighting":false,"audioPlay":false,"sceneViewState":{"showFog":true,"showMaterialUpdate":false,"showSkybox":false,"showFlares":true,"showImageEffects":true,"showParticleSystems":true},"in2DMode":false,"pivot":{"x":1.8850940465927125,"y":1.0388250350952149,"z":-1.101729393005371},"rotation":{"x":0.4397737681865692,"y":0.013468430377542973,"z":-0.006598766893148422,"w":0.8979966640472412},"size":19.9973201751709,"orthographic":false}