{"cameraMode":{"drawMode":0,"name":"Shaded","section":"Shading Mode"},"sceneLighting":false,"audioPlay":false,"sceneViewState":{"showFog":true,"showMaterialUpdate":false,"showSkybox":false,"showFlares":true,"showImageEffects":true,"showParticleSystems":true},"in2DMode":false,"pivot":{"x":-0.0008273124694824219,"y":1.4541531801223755,"z":7.073826789855957},"rotation":{"x":-0.4017602503299713,"y":0.007973378524184227,"z":-0.00353605835698545,"w":-0.915842592716217},"size":26.360374450683595,"orthographic":false}