{"cameraMode":{"drawMode":0,"name":"Shaded","section":"Shading Mode"},"sceneLighting":false,"audioPlay":false,"sceneViewState":{"showFog":true,"showMaterialUpdate":false,"showSkybox":false,"showFlares":true,"showImageEffects":true,"showParticleSystems":true},"in2DMode":false,"pivot":{"x":2.72094988822937,"y":-23.1833553314209,"z":14.103608131408692},"rotation":{"x":-0.4745018780231476,"y":-0.00446959026157856,"z":0.0024404197465628387,"w":-0.8802566528320313},"size":50.22319793701172,"orthographic":false}