{"cameraMode":{"drawMode":0,"name":"Shaded","section":"Shading Mode"},"sceneLighting":false,"audioPlay":false,"sceneViewState":{"showFog":true,"showMaterialUpdate":false,"showSkybox":true,"showFlares":true,"showImageEffects":true,"showParticleSystems":true},"in2DMode":false,"pivot":{"x":2.9802322387695315e-8,"y":0.3263767957687378,"z":0.0},"rotation":{"x":0.027162320911884309,"y":-0.9580404758453369,"z":0.2685626447200775,"w":0.09689026325941086},"size":1.6991164684295655,"orthographic":false}