{"cameraMode":{"drawMode":0,"name":"Shaded","section":"Shading Mode"},"sceneLighting":false,"audioPlay":false,"sceneViewState":{"showFog":true,"showMaterialUpdate":false,"showSkybox":false,"showFlares":true,"showImageEffects":true,"showParticleSystems":true},"in2DMode":false,"pivot":{"x":0.7555108070373535,"y":-21.68240737915039,"z":24.840845108032228},"rotation":{"x":0.3432762622833252,"y":-0.0028221397660672666,"z":0.0010259089758619667,"w":0.9392576813697815},"size":53.52699661254883,"orthographic":false}