{"cameraMode":{"drawMode":0,"name":"Shaded","section":"Shading Mode"},"sceneLighting":false,"audioPlay":false,"sceneViewState":{"showFog":true,"showMaterialUpdate":false,"showSkybox":true,"showFlares":true,"showImageEffects":true,"showParticleSystems":true},"in2DMode":false,"pivot":{"x":0.00008842349052429199,"y":0.7585223913192749,"z":-0.06475237011909485},"rotation":{"x":0.027162320911884309,"y":-0.9580404758453369,"z":0.2685626447200775,"w":0.09689026325941086},"size":2.715139150619507,"orthographic":false}