{"cameraMode":{"drawMode":0,"name":"Shaded","section":"Shading Mode"},"sceneLighting":true,"audioPlay":false,"sceneViewState":{"showFog":true,"showMaterialUpdate":false,"showSkybox":true,"showFlares":true,"showImageEffects":true,"showParticleSystems":true,"showVisualEffectGraphs":true,"m_FxEnabled":true},"in2DMode":false,"pivot":{"x":7.444671154022217,"y":65.07099151611328,"z":49.1624755859375},"rotation":{"x":0.5025981664657593,"y":0.006062633357942104,"z":-0.0026367343962192537,"w":0.8647311925888062},"size":113.40586853027344,"orthographic":false}